id,name


0,ダミー
1,ダミー
2,ダミー
3,ダミー
4,ダミー
5,ダミー
6,ダミー
7,ダミー
9,ダミー


10,ダミー
11,ダミー
12,ダミー
13,ダミー
14,ダミー
15,ダミー
16,ダミー
17,ダミー


20,ダミー
21,ダミー
22,ダミー
23,ダミー
24,ダミー
25,ダミー
26,ダミー
27,ダミー
28,ダミー


30,ダミー
31,ダミー
32,ダミー
33,ダミー
34,ダミー
35,ダミー
36,ダミー
37,ダミー
38,ダミー


40,ダミー
41,ダミー
42,ダミー
43,ダミー
44,ダミー
45,ダミー
46,ダミー
47,ダミー
48,ダミー
49,ダミー
50,ダミー
51,ダミー
52,ダミー
53,ダミー
54,ダミー
55,ダミー
56,ダミー


60,ダミー
61,ダミー
62,ダミー
63,ダミー
64,ダミー
65,ダミー
66,ダミー
67,ダミー
68,ダミー
69,ダミー
70,ダミー
71,ダミー
72,ダミー
79,ダミー


80,ダミー
81,ダミー
82,ダミー
83,ダミー
84,ダミー
85,ダミー
86,ダミー
88,ダミー


90,ダミー
91,ダミー
92,ダミー
93,ダミー
94,ダミー

100,ダミー
101,ダミー
102,ダミー
103,ダミー
104,ダミー
108,ダミー

110,ダミー
111,ダミー
112,ダミー
113,ダミー
114,ダミー
115,ダミー
116,ダミー
117,ダミー
118,ダミー


120,ダミー
121,ダミー
122,ダミー
123,ダミー
124,ダミー
125,ダミー
126,ダミー

128,ダミー

130,ダミー
131,ダミー
132,ダミー
133,ダミー

135,ダミー
136,ダミー
137,ダミー


140,ダミー
141,ダミー
142,ダミー
143,ダミー
144,ダミー
145,ダミー
146,ダミー


150,ダミー
151,ダミー
152,ダミー
153,ダミー
155,ダミー
156,ダミー
157,ダミー


170,ダミー
171,ダミー
172,ダミー
173,ダミー
174,ダミー
175,ダミー
179,ダミー
180,ダミー
181,ダミー
182,ダミー
183,ダミー
184,ダミー

186,ダミー
187,ダミー
188,ダミー


190,ダミー
191,ダミー
192,ダミー
193,ダミー
194,ダミー
195,ダミー

200,ダミー
201,ダミー
202,ダミー
203,ダミー
204,ダミー
205,ダミー
206,ダミー
207,ダミー
208,ダミー
209,ダミー
210,ダミー
211,ダミー


220,ダミー
221,ダミー
222,ダミー
223,ダミー
224,ダミー
225,ダミー
226,ダミー
227,ダミー
228,ダミー
229,ダミー
230,ダミー
231,ダミー
232,ダミー
233,ダミー
234,ダミー
235,ダミー
236,ダミー
237,ダミー
238,ダミー


240,ダミー
241,ダミー
242,ダミー
243,ダミー
244,ダミー
245,ダミー

251,ダミー
252,ダミー
253,ダミー


270,ダミー
271,ダミー
272,ダミー
273,ダミー


290,ダミー
291,ダミー
292,ダミー
293,ダミー


300,ダミー
301,ダミー
302,ダミー
303,ダミー
304,ダミー
305,ダミー
306,ダミー
307,ダミー
308,ダミー
309,ダミー
310,ダミー
311,ダミー
312,ダミー
313,ダミー


320,ダミー
321,ダミー
322,ダミー
323,ダミー
324,ダミー
325,ダミー
326,ダミー
327,ダミー
328,ダミー
329,ダミー
330,ダミー
331,ダミー
332,ダミー
333,ダミー
334,ダミー
335,ダミー
336,ダミー
337,ダミー
338,ダミー

340,ダミー
341,ダミー
342,ダミー
343,ダミー
344,ダミー
345,ダミー
346,ダミー
347,ダミー
348,ダミー
349,ダミー


350,ダミー
351,ダミー
352,ダミー
353,ダミー
354,ダミー

355,ダミー
356,ダミー
357,ダミー
358,ダミー
359,ダミー

360,ダミー
361,ダミー
362,ダミー
363,ダミー
364,ダミー
365,ダミー
366,ダミー
367,ダミー
368,ダミー
369,ダミー
370,ダミー
371,ダミー
372,ダミー
373,ダミー
374,ダミー


380,ダミー
381,ダミー
382,ダミー
383,ダミー
384,ダミー
385,ダミー
386,ダミー
387,ダミー
388,ダミー
389,ダミー
390,ダミー
391,ダミー


400,ダミー
401,ダミー
402,ダミー
403,ダミー
404,ダミー
405,ダミー
406,ダミー
407,ダミー
408,ダミー
409,ダミー
410,ダミー
411,ダミー
412,ダミー
413,ダミー
414,ダミー
415,ダミー
416,ダミー
417,ダミー
418,ダミー
419,ダミー
420,ダミー
421,ダミー
422,ダミー
423,ダミー
424,ダミー
425,ダミー
427,ダミー
430,ダミー
431,ダミー
432,ダミー
433,ダミー
434,ダミー
435,ダミー
436,ダミー
437,ダミー
438,ダミー
439,ダミー
440,ダミー
441,ダミー
442,ダミー
443,ダミー
444,ダミー
445,ダミー
446,ダミー
447,ダミー
448,ダミー
449,ダミー
450,ダミー
451,ダミー
452,ダミー
453,ダミー
454,ダミー
490,ダミー
491,ダミー


500,ダミー
501,ダミー
502,ダミー
503,ダミー
504,ダミー
505,ダミー
506,ダミー
507,ダミー
508,ダミー
509,ダミー


510,ダミー
511,ダミー
512,ダミー
513,ダミー
514,ダミー
515,ダミー

520,ダミー
521,ダミー
522,ダミー
523,ダミー
524,ダミー
525,ダミー
526,ダミー
527,ダミー
528,ダミー
529,ダミー
530,ダミー
531,ダミー
532,ダミー
533,ダミー
534,ダミー
535,ダミー

540,ダミー
541,ダミー
542,ダミー
543,ダミー
544,ダミー
545,ダミー
546,ダミー

550,ダミー
551,ダミー
552,ダミー
553,ダミー
554,ダミー
556,ダミー

560,ダミー
561,ダミー
562,ダミー
563,ダミー
564,ダミー

580,ダミー
581,ダミー
582,ダミー
583,ダミー
584,ダミー
585,ダミー
586,ダミー
587,ダミー
588,ダミー
589,ダミー
590,ダミー
591,ダミー
592,ダミー
593,ダミー
594,ダミー
595,ダミー


600,ダミー
601,ダミー
602,ダミー
603,ダミー
604,ダミー
605,ダミー
606,ダミー

610,ダミー
611,ダミー
612,ダミー
613,ダミー
614,ダミー
615,ダミー
616,ダミー
617,ダミー
618,ダミー
619,ダミー
620,ダミー
621,ダミー
622,ダミー
623,ダミー
624,ダミー
625,ダミー
626,ダミー
627,ダミー
628,ダミー
629,ダミー
630,ダミー
631,ダミー
632,ダミー
633,ダミー

649,ダミー
650,ダミー
651,ダミー
652,ダミー
653,ダミー
654,ダミー
655,ダミー
656,ダミー
657,ダミー
658,ダミー

660,ダミー

680,ダミー
682,ダミー
683,ダミー
